```shell
mysql -u root -h docker.hackthebox.eu -P 3306 -p 
```


## SQL Basics

```sql
mysql> CREATE DATABASE users;
```

```sql
mysql> SHOW DATABASES;

+--------------------+
| Database           |
+--------------------+
| information_schema |
| mysql              |
| performance_schema |
| sys                |
| users              |
+--------------------+

mysql> USE users;

Database changed
```

```sql
CREATE TABLE logins (
    id INT,
    username VARCHAR(100),
    password VARCHAR(100),
    date_of_joining DATETIME
    );
```


```shell
mysql> SHOW TABLES;

+-----------------+
| Tables_in_users |
+-----------------+
| logins          |
+-----------------+
1 row in set (0.00 sec)
```

```shell
mysql> DESCRIBE logins;

+-----------------+--------------+
| Field           | Type         |
+-----------------+--------------+
| id              | int          |
| username        | varchar(100) |
| password        | varchar(100) |
| date_of_joining | date         |
+-----------------+--------------+
4 rows in set (0.00 sec)
```

## INSERT Statement

```shell-session
mysql> INSERT INTO logins VALUES(1, 'admin', 'p@ssw0rd', '2020-07-02');
```

```shell-session
mysql> INSERT INTO logins(username, password) VALUES('administrator', 'adm1n_p@ss');
```

```shell-session
mysql> INSERT INTO logins(username, password) VALUES ('john', 'john123!'), ('tom', 'tom123!');
```

## SELECT Statement

```shell-session
mysql> SELECT * FROM logins;

+----+---------------+------------+---------------------+
| id | username      | password   | date_of_joining     |
+----+---------------+------------+---------------------+
|  1 | admin         | p@ssw0rd   | 2020-07-02 00:00:00 |
|  2 | administrator | adm1n_p@ss | 2020-07-02 11:30:50 |
|  3 | john          | john123!   | 2020-07-02 11:47:16 |
|  4 | tom           | tom123!    | 2020-07-02 11:47:16 |
+----+---------------+------------+---------------------+
4 rows in set (0.00 sec)
```

```shell-session
mysql> DROP TABLE logins;

Query OK, 0 rows affected (0.01 sec)


mysql> SHOW TABLES;

Empty set (0.00 sec)
```

```shell-session
mysql> ALTER TABLE logins ADD newColumn INT;
```

```shell-session
mysql> ALTER TABLE logins RENAME COLUMN newColumn TO newerColumn;
```

```shell-session
mysql> ALTER TABLE logins MODIFY newerColumn DATE;
```

```shell-session
mysql> ALTER TABLE logins DROP newerColumn;
```

## UPDATE Statement

```shell-session
mysql> UPDATE logins SET password = 'change_password' WHERE id > 1;
```

## Sorting Results